Top pages,Clicks,Impressions,CTR,Position
https://veronicagrijo.psc.br/,6,654,0.92%,6.85
https://veronicagrijo.psc.br/blog/,1,20,5%,9.15
https://veronicagrijo.psc.br/blog/culpa-materna-o-que-e-por-que-acontece-e-como-lidar,1,16,6.25%,16.38
https://veronicagrijo.psc.br/blog/ansiedade-por-antecipacao-e-controle,1,1,100%,10
https://veronicagrijo.psc.br/blog/por-que-voce-nunca-se-acha-boa-o-suficiente,0,95,0%,55.68
https://veronicagrijo.psc.br/psicologa-online,0,21,0%,6.05
https://veronicagrijo.psc.br/blog/por-que-mulheres-tem-mais-ansiedade.html,0,11,0%,8.36
https://veronicagrijo.psc.br/blog/crise-identidade-pos-parto,0,9,0%,8.11
https://veronicagrijo.psc.br/blog/ansiedade-normal-ou-patologica,0,9,0%,45.89
https://veronicagrijo.psc.br/blog/culpa-materna-o-que-e-por-que-acontece-e-como-lidar.html,0,4,0%,8.75
https://veronicagrijo.psc.br/blog/crise-identidade-pos-parto.html,0,4,0%,17.25
https://veronicagrijo.psc.br/blog/terapia-online-funciona,0,3,0%,5.33
https://veronicagrijo.psc.br/psicologa-online.html,0,3,0%,11
https://veronicagrijo.psc.br/blog/ansiedade-normal-ou-patologica.html,0,3,0%,47
https://veronicagrijo.psc.br/blog/sinais-que-precisa-de-terapia,0,2,0%,4
https://veronicagrijo.psc.br/blog/afinal-de-contas-o-que-e-burnout,0,1,0%,7
https://veronicagrijo.psc.br/blog/sinais-que-precisa-de-terapia.html,0,1,0%,12