Top queries,Clicks,Impressions,CTR,Position
psicólogo macaé,2,44,4.55%,5.39
psicólogo unimed macaé,1,21,4.76%,5.33
psicólogo em macaé,1,14,7.14%,3.57
terapia perto de mim,1,2,50%,1
autocrítica,0,45,0%,68.04
psicóloga macaé,0,32,0%,6.34
terapia,0,28,0%,2.96
psicologa macae,0,22,0%,11.82
psicologo macae,0,19,0%,18.16
psicólogo,0,17,0%,3.94
psicóloga,0,14,0%,1.93
psicologo em macae,0,11,0%,10.36
ansiedade patológica,0,10,0%,45.9
psicologo em macaé,0,8,0%,9
psicologos em macae,0,7,0%,19.71
psicóloga em macaé,0,4,0%,1
psicólogo macae,0,4,0%,2.75
psicologo bradesco,0,4,0%,4.75
autocritica,0,4,0%,52.5
autocrítica o que é,0,4,0%,58.75
therapist near me,0,3,0%,1
psicologia macaé,0,3,0%,4
psicólogo macaé unimed,0,3,0%,18.33
autocrítico,0,3,0%,64
piscicologo,0,2,0%,1
psicologa,0,2,0%,1
pisicologo,0,2,0%,1.5
psicologo terapia de casal,0,2,0%,5
piscicologo online,0,2,0%,7.5
psicóloga perto de mim,0,2,0%,7.5
clinica de psicologia macae,0,2,0%,23.5
autocriticar,0,2,0%,58.5
autocríticas,0,2,0%,58.5
autocrítica exemplo,0,2,0%,67
o que e autocritica,0,2,0%,73
culpa materna,0,2,0%,78.5
autocriticas,0,2,0%,87.5
autoexigencia,0,2,0%,88.5
psicologo unimed,0,1,0%,1
psicóloga que atende pela unimed,0,1,0%,1
picologa,0,1,0%,2
pisicologa,0,1,0%,2
psicóloga terapeuta,0,1,0%,2
psicologa bradesco saude,0,1,0%,4
psicólogo online,0,1,0%,4
psicóloga que atende bradesco saúde,0,1,0%,5
psicólogo on line,0,1,0%,5
psicologa que atende bradesco,0,1,0%,8
psicólogos que atendem unimed,0,1,0%,8
terapia on line,0,1,0%,8
psicologa terapia de casal,0,1,0%,20
ansiedade normal,0,1,0%,30
autoexigência,0,1,0%,46
auto exigência,0,1,0%,56
o que é autocrítica,0,1,0%,65
o'que é ansiedade patológica,0,1,0%,65
auto crítica,0,1,0%,70
o que significa autocrítica,0,1,0%,79